<?xml version="1.0" encoding="UTF-8"?>
<project-private xmlns="http://www.netbeans.org/ns/project-private/1">
    <editor-bookmarks xmlns="http://www.netbeans.org/ns/editor-bookmarks/2" lastBookmarkId="0"/>
    <open-files xmlns="http://www.netbeans.org/ns/projectui-open-files/2">
        <group>
            <file>file:/C:/xampp/htdocs/Assignment2/javascript.js</file>
            <file>file:/C:/xampp/htdocs/Assignment2/html.html</file>
            <file>file:/C:/xampp/htdocs/Assignment2/php.php</file>
            <file>file:/C:/xampp/htdocs/Assignment2/index.php</file>
            <file>file:/C:/xampp/htdocs/Assignment2/css.css</file>
        </group>
    </open-files>
</project-private>
