<?xml version="1.0" encoding="UTF-8"?>
<project-private xmlns="http://www.netbeans.org/ns/project-private/1">
    <editor-bookmarks xmlns="http://www.netbeans.org/ns/editor-bookmarks/2" lastBookmarkId="0"/>
    <open-files xmlns="http://www.netbeans.org/ns/projectui-open-files/2">
        <group>
            <file>file:/C:/xampp/htdocs/assingment6/new.html</file>
            <file>file:/C:/xampp/htdocs/assingment6/customers.php</file>
            <file>file:/C:/xampp/htdocs/assingment6/SNHU.jpg</file>
            <file>file:/C:/xampp/htdocs/assingment6/php.php</file>
            <file>file:/C:/xampp/htdocs/assingment6/jquery.flexslider.js</file>
            <file>file:/C:/xampp/htdocs/assingment6/javascript.js</file>
            <file>file:/C:/xampp/htdocs/assingment6/index.php</file>
            <file>file:/C:/xampp/htdocs/assingment6/html.html</file>
            <file>file:/C:/xampp/htdocs/assingment6/LoneStar.jpg</file>
            <file>file:/C:/xampp/htdocs/assingment6/flexslider.css</file>
            <file>file:/C:/xampp/htdocs/assingment6/css.css</file>
            <file>file:/C:/xampp/htdocs/assingment6/singalCustomer.html</file>
            <file>file:/C:/xampp/htdocs/assingment6/fullList.html</file>
            <file>file:/C:/xampp/htdocs/assingment6/regis.jpg</file>
        </group>
    </open-files>
</project-private>
